station_id,year,h_month,type,level,flow,temperature,month
150190180,2023,1,1,124,6,99.9,11
150190180,2023,1,2,134,8,99.9,11
150190180,2023,1,3,154,13,99.9,11
150190180,2023,2,1,128,7,99.9,12
150190180,2023,2,2,154,13,99.9,12
150190180,2023,2,3,198,26,99.9,12
150190180,2023,3,1,147,11,99.9,1
150190180,2023,3,2,164,15,99.9,1
150190180,2023,3,3,189,23,99.9,1
150190180,2023,4,1,155,13,99.9,2
150190180,2023,4,2,177,19,99.9,2
150190180,2023,4,3,229,36,99.9,2
150190180,2023,5,1,144,11,99.9,3
150190180,2023,5,2,162,15,99.9,3
150190180,2023,5,3,200,27,99.9,3
150190180,2023,6,1,144,11,99.9,4
150190180,2023,6,2,157,14,99.9,4
150190180,2023,6,3,182,21,99.9,4
150190180,2023,7,1,136,9,99.9,5
150190180,2023,7,2,156,14,99.9,5
150190180,2023,7,3,257,45,99.9,5
150190180,2023,8,1,131,8,99.9,6
150190180,2023,8,2,143,11,99.9,6
150190180,2023,8,3,256,44,99.9,6
150190180,2023,9,1,129,7,99.9,7
150190180,2023,9,2,140,10,99.9,7
150190180,2023,9,3,204,28,99.9,7
150190180,2023,10,1,128,7,99.9,8
150190180,2023,10,2,147,12,99.9,8
150190180,2023,10,3,256,44,99.9,8
150190180,2023,11,1,126,7,99.9,9
150190180,2023,11,2,137,9,99.9,9
150190180,2023,11,3,185,22,99.9,9
150190180,2023,12,1,127,7,99.9,10
150190180,2023,12,2,139,10,99.9,10
150190180,2023,12,3,196,25,99.9,10
150190180,2022,1,1,145,11,99.9,11
150190180,2022,1,2,156,14,99.9,11
150190180,2022,1,3,183,21,99.9,11
150190180,2022,2,1,138,10,99.9,12
150190180,2022,2,2,154,13,99.9,12
150190180,2022,2,3,176,19,99.9,12
150190180,2022,3,1,137,9,99.9,1
150190180,2022,3,2,154,13,99.9,1
150190180,2022,3,3,181,21,99.9,1
150190180,2022,4,1,156,13,99.9,2
150190180,2022,4,2,176,19,99.9,2
150190180,2022,4,3,230,36,99.9,2
150190180,2022,5,1,135,9,99.9,3
150190180,2022,5,2,146,11,99.9,3
150190180,2022,5,3,174,19,99.9,3
150190180,2022,6,1,144,11,99.9,4
150190180,2022,6,2,160,15,99.9,4
150190180,2022,6,3,208,29,99.9,4
150190180,2022,7,1,124,6,99.9,5
150190180,2022,7,2,139,10,99.9,5
150190180,2022,7,3,242,40,99.9,5
150190180,2022,8,1,123,6,99.9,6
150190180,2022,8,2,143,11,99.9,6
150190180,2022,8,3,202,27,99.9,6
150190180,2022,9,1,123,6,99.9,7
150190180,2022,9,2,136,9,99.9,7
150190180,2022,9,3,189,23,99.9,7
150190180,2022,10,1,122,6,99.9,8
150190180,2022,10,2,140,10,99.9,8
150190180,2022,10,3,253,44,99.9,8
150190180,2022,11,1,126,7,99.9,9
150190180,2022,11,2,149,12,99.9,9
150190180,2022,11,3,232,37,99.9,9
150190180,2022,12,1,127,7,99.9,10
150190180,2022,12,2,142,10,99.9,10
150190180,2022,12,3,171,18,99.9,10
150190180,2021,1,1,149,12,99.9,11
150190180,2021,1,2,166,16,99.9,11
150190180,2021,1,3,220,33,99.9,11
150190180,2021,2,1,148,12,99.9,12
150190180,2021,2,2,157,14,99.9,12
150190180,2021,2,3,201,27,99.9,12
150190180,2021,3,1,154,13,99.9,1
150190180,2021,3,2,170,17,99.9,1
150190180,2021,3,3,191,24,99.9,1
150190180,2021,4,1,164,15,99.9,2
150190180,2021,4,2,183,21,99.9,2
150190180,2021,4,3,206,29,99.9,2
150190180,2021,5,1,154,13,99.9,3
150190180,2021,5,2,168,17,99.9,3
150190180,2021,5,3,188,23,99.9,3
150190180,2021,6,1,149,12,99.9,4
150190180,2021,6,2,169,17,99.9,4
150190180,2021,6,3,207,29,99.9,4
150190180,2021,7,1,154,13,99.9,5
150190180,2021,7,2,178,20,99.9,5
150190180,2021,7,3,232,37,99.9,5
150190180,2021,8,1,140,10,99.9,6
150190180,2021,8,2,157,14,99.9,6
150190180,2021,8,3,223,34,99.9,6
150190180,2021,9,1,140,10,99.9,7
150190180,2021,9,2,153,13,99.9,7
150190180,2021,9,3,244,41,99.9,7
150190180,2021,10,1,148,12,99.9,8
150190180,2021,10,2,173,19,99.9,8
150190180,2021,10,3,339,77,99.9,8
150190180,2021,11,1,154,13,99.9,9
150190180,2021,11,2,179,20,99.9,9
150190180,2021,11,3,301,60,99.9,9
150190180,2021,12,1,146,11,99.9,10
150190180,2021,12,2,155,13,99.9,10
150190180,2021,12,3,198,26,99.9,10
150190180,2020,1,1,139,10,7,11
150190180,2020,1,2,147,12,9,11
150190180,2020,1,3,183,22,10.4,11
150190180,2020,2,1,138,10,5.5,12
150190180,2020,2,2,149,12,6.8,12
150190180,2020,2,3,188,23,7.8,12
150190180,2020,3,1,140,10,4.5,1
150190180,2020,3,2,148,12,5.8,1
150190180,2020,3,3,165,16,7,1
150190180,2020,4,1,146,11,4.5,2
150190180,2020,4,2,162,16,6,2
150190180,2020,4,3,233,37,8,2
150190180,2020,5,1,142,10,4.5,3
150190180,2020,5,2,156,14,5.9,3
150190180,2020,5,3,186,23,8.5,3
150190180,2020,6,1,135,9,6.5,4
150190180,2020,6,2,145,11,9.6,4
150190180,2020,6,3,224,35,13,4
150190180,2020,7,1,137,9,11,5
150190180,2020,7,2,151,13,12.4,5
150190180,2020,7,3,214,31,14.5,5
150190180,2020,8,1,140,10,12,6
150190180,2020,8,2,161,16,14.8,6
150190180,2020,8,3,259,45,17,6
150190180,2020,9,1,147,11,14.5,7
150190180,2020,9,2,168,17,16.2,7
150190180,2020,9,3,262,46,17.5,7
150190180,2020,10,1,138,10,14,8
150190180,2020,10,2,151,13,16.8,8
150190180,2020,10,3,246,41,18.5,8
150190180,2020,11,1,141,10,12.8,9
150190180,2020,11,2,155,13,15.6,9
150190180,2020,11,3,251,43,18.5,9
150190180,2020,12,1,149,12,10.8,10
150190180,2020,12,2,181,21,13.6,10
150190180,2020,12,3,275,51,15.5,10
150190180,2019,1,1,133,9,3,11
150190180,2019,1,2,142,11,8.5,11
150190180,2019,1,3,156,14,12.3,11
150190180,2019,2,1,137,9,2.1,12
150190180,2019,2,2,151,13,4,12
150190180,2019,2,3,184,22,6.6,12
150190180,2019,3,1,146,11,2.3,1
150190180,2019,3,2,161,15,4.3,1
150190180,2019,3,3,203,28,5.4,1
150190180,2019,4,1,147,12,2.3,2
150190180,2019,4,2,165,16,4.2,2
150190180,2019,4,3,188,23,5.8,2
150190180,2019,5,1,149,12,2.7,3
150190180,2019,5,2,159,15,3.8,3
150190180,2019,5,3,187,23,9.1,3
150190180,2019,6,1,137,9,3.1,4
150190180,2019,6,2,150,12,4,4
150190180,2019,6,3,194,25,8.7,4
150190180,2019,7,1,144,11,8.3,5
150190180,2019,7,2,178,21,10.4,5
150190180,2019,7,3,282,53,12.5,5
150190180,2019,8,1,139,10,10.4,6
150190180,2019,8,2,153,13,12.6,6
150190180,2019,8,3,193,25,18,6
150190180,2019,9,1,134,9,12.4,7
150190180,2019,9,2,143,11,15.2,7
150190180,2019,9,3,278,52,17.9,7
150190180,2019,10,1,135,9,15,8
150190180,2019,10,2,147,12,16.8,8
150190180,2019,10,3,257,45,18,8
150190180,2019,11,1,138,10,12,9
150190180,2019,11,2,150,12,14.5,9
150190180,2019,11,3,217,32,17,9
150190180,2019,12,1,138,10,8.8,10
150190180,2019,12,2,144,11,11.9,10
150190180,2019,12,3,183,22,14,10
150190180,2018,1,1,161,15,6.1,11
150190180,2018,1,2,175,19,8.1,11
150190180,2018,1,3,198,25,10.2,11
150190180,2018,2,1,162,16,5,12
150190180,2018,2,2,177,19,5.9,12
150190180,2018,2,3,205,27,7.8,12
150190180,2018,3,1,155,14,3,1
150190180,2018,3,2,168,17,5.9,1
150190180,2018,3,3,194,24,8,1
150190180,2018,4,1,152,13,0.1,2
150190180,2018,4,2,166,16,2.4,2
150190180,2018,4,3,199,25,6.1,2
150190180,2018,5,1,151,13,0.1,3
150190180,2018,5,2,159,15,3.3,3
150190180,2018,5,3,188,22,6.5,3
150190180,2018,6,1,140,10,4.6,4
150190180,2018,6,2,153,13,9.6,4
150190180,2018,6,3,190,23,13.2,4
150190180,2018,7,1,138,10,10.8,5
150190180,2018,7,2,150,13,13,5
150190180,2018,7,3,220,31,15.1,5
150190180,2018,8,1,133,9,12.6,6
150190180,2018,8,2,145,11,14.6,6
150190180,2018,8,3,191,23,16.6,6
150190180,2018,9,1,135,9,12.6,7
150190180,2018,9,2,150,13,15.1,7
150190180,2018,9,3,224,32,16.6,7
150190180,2018,10,1,134,9,12.8,8
150190180,2018,10,2,144,11,15.7,8
150190180,2018,10,3,183,21,17.9,8
150190180,2018,11,1,135,9,11.9,9
150190180,2018,11,2,146,12,14.5,9
150190180,2018,11,3,200,25,16.5,9
150190180,2018,12,1,130,8,9.1,10
150190180,2018,12,2,144,11,11.7,10
150190180,2018,12,3,202,26,13.3,10
150190180,2017,1,1,145,11,3.5,11
150190180,2017,1,2,154,13,5.8,11
150190180,2017,1,3,180,20,7.7,11
150190180,2017,2,1,150,13,1.3,12
150190180,2017,2,2,162,16,3,12
150190180,2017,2,3,218,30,5.5,12
150190180,2017,3,1,142,11,0.5,1
150190180,2017,3,2,152,13,1.5,1
150190180,2017,3,3,162,16,3,1
150190180,2017,4,1,137,9,1.2,2
150190180,2017,4,2,156,14,2.9,2
150190180,2017,4,3,211,28,4.5,2
150190180,2017,5,1,152,13,4.1,3
150190180,2017,5,2,169,17,5.3,3
150190180,2017,5,3,223,32,8.1,3
150190180,2017,6,1,149,12,4.3,4
150190180,2017,6,2,170,18,7.4,4
150190180,2017,6,3,279,52,10.1,4
150190180,2017,7,1,151,13,6.8,5
150190180,2017,7,2,178,20,10.4,5
150190180,2017,7,3,213,29,14.7,5
150190180,2017,8,1,138,10,10.8,6
150190180,2017,8,2,150,13,12.3,6
150190180,2017,8,3,179,20,14.4,6
150190180,2017,9,1,136,9,13.8,7
150190180,2017,9,2,145,11,14.1,7
150190180,2017,9,3,201,25,14.6,7
150190180,2017,10,1,132,8,13.7,8
150190180,2017,10,2,143,11,14.4,8
150190180,2017,10,3,191,23,15.3,8
150190180,2017,11,1,135,9,13.6,9
150190180,2017,11,2,169,18,13.9,9
150190180,2017,11,3,272,49,14.1,9
150190180,2017,12,1,151,13,13,10
150190180,2017,12,2,167,17,13.4,10
150190180,2017,12,3,235,36,13.8,10
150190180,2016,1,1,136,9,6.8,11
150190180,2016,1,2,148,12,9.5,11
150190180,2016,1,3,198,25,13.2,11
150190180,2016,2,1,137,9,4.6,12
150190180,2016,2,2,146,12,8.3,12
150190180,2016,2,3,171,18,10.8,12
150190180,2016,3,1,137,9,0.2,1
150190180,2016,3,2,146,12,5,1
150190180,2016,3,3,184,21,8.4,1
150190180,2016,4,1,144,11,5.4,2
150190180,2016,4,2,164,16,7.3,2
150190180,2016,4,3,206,27,9,2
150190180,2016,5,1,154,14,6,3
150190180,2016,5,2,168,17,7.9,3
150190180,2016,5,3,196,24,10.4,3
150190180,2016,6,1,145,11,9.6,4
150190180,2016,6,2,159,15,11,4
150190180,2016,6,3,216,30,13.2,4
150190180,2016,7,1,138,10,10,5
150190180,2016,7,2,149,12,14.5,5
150190180,2016,7,3,205,27,18,5
150190180,2016,8,1,136,9,13.6,6
150190180,2016,8,2,146,12,16.6,6
150190180,2016,8,3,194,24,20.2,6
150190180,2016,9,1,137,9,13.1,7
150190180,2016,9,2,156,14,15.5,7
150190180,2016,9,3,271,49,20.2,7
150190180,2016,10,1,143,11,7.8,8
150190180,2016,10,2,156,14,13.7,8
150190180,2016,10,3,216,30,16.8,8
150190180,2016,11,1,139,10,9.6,9
150190180,2016,11,2,146,12,12.3,9
150190180,2016,11,3,176,19,15,9
150190180,2016,12,1,139,10,4.5,10
150190180,2016,12,2,155,14,9.1,10
150190180,2016,12,3,208,27,12.9,10
150190180,2015,1,1,149,12,3.8,11
150190180,2015,1,2,158,14,7.7,11
150190180,2015,1,3,197,24,10,11
150190180,2015,2,1,148,12,0.8,12
150190180,2015,2,2,158,15,4.7,12
150190180,2015,2,3,181,20,7.3,12
150190180,2015,3,1,151,13,1.6,1
150190180,2015,3,2,170,18,3.5,1
150190180,2015,3,3,211,28,5,1
150190180,2015,4,1,160,15,2,2
150190180,2015,4,2,173,18,3.5,2
150190180,2015,4,3,207,27,5.6,2
150190180,2015,5,1,157,14,3.6,3
150190180,2015,5,2,173,18,5.6,3
150190180,2015,5,3,211,28,8.7,3
150190180,2015,6,1,142,11,4,4
150190180,2015,6,2,164,16,7.9,4
150190180,2015,6,3,199,25,11.7,4
150190180,2015,7,1,143,11,9.3,5
150190180,2015,7,2,155,14,11.3,5
150190180,2015,7,3,203,26,13.1,5
150190180,2015,8,1,139,10,11.9,6
150190180,2015,8,2,148,12,13.6,6
150190180,2015,8,3,191,23,16,6
150190180,2015,9,1,136,9,12.3,7
150190180,2015,9,2,145,11,15.1,7
150190180,2015,9,3,200,25,16.9,7
150190180,2015,10,1,133,9,13,8
150190180,2015,10,2,140,10,15,8
150190180,2015,10,3,167,17,16.9,8
150190180,2015,11,1,134,9,9.4,9
150190180,2015,11,2,140,10,13.3,9
150190180,2015,11,3,189,22,15.9,9
150190180,2015,12,1,134,9,9.2,10
150190180,2015,12,2,142,11,10.8,10
150190180,2015,12,3,162,16,13,10
150190180,2014,1,1,149,12,4.2,11
150190180,2014,1,2,158,15,7,11
150190180,2014,1,3,191,23,8.9,11
150190180,2014,2,1,152,13,3.5,12
150190180,2014,2,2,158,15,4.6,12
150190180,2014,2,3,182,21,6.4,12
150190180,2014,3,1,151,13,0.5,1
150190180,2014,3,2,160,15,4.2,1
150190180,2014,3,3,181,20,6.7,1
150190180,2014,4,1,151,13,2.9,2
150190180,2014,4,2,162,15,4.7,2
150190180,2014,4,3,196,24,5.9,2
150190180,2014,5,1,148,12,5.7,3
150190180,2014,5,2,161,15,6.7,3
150190180,2014,5,3,198,24,8.7,3
150190180,2014,6,1,145,11,6.7,4
150190180,2014,6,2,156,14,9.5,4
150190180,2014,6,3,190,23,11.6,4
150190180,2014,7,1,142,11,8.9,5
150190180,2014,7,2,161,15,12.1,5
150190180,2014,7,3,233,35,17.2,5
150190180,2014,8,1,143,11,11,6
150190180,2014,8,2,155,14,13.4,6
150190180,2014,8,3,245,40,18.6,6
150190180,2014,9,1,145,11,13.1,7
150190180,2014,9,2,162,16,15.3,7
150190180,2014,9,3,254,43,16.6,7
150190180,2014,10,1,146,12,11.8,8
150190180,2014,10,2,163,16,14.2,8
150190180,2014,10,3,216,30,16.9,8
150190180,2014,11,1,148,12,10.3,9
150190180,2014,11,2,162,16,12.6,9
150190180,2014,11,3,250,42,14.5,9
150190180,2014,12,1,150,13,6.5,10
150190180,2014,12,2,159,15,10,10
150190180,2014,12,3,210,28,12.8,10
150190180,2013,1,1,147,12,5.8,11
150190180,2013,1,2,160,15,7.8,11
150190180,2013,1,3,269,42,8.9,11
150190180,2013,2,1,146,12,2.6,12
150190180,2013,2,2,155,13,4.8,12
150190180,2013,2,3,183,19,7.3,12
150190180,2013,3,1,149,12,2.3,1
150190180,2013,3,2,160,15,4.1,1
150190180,2013,3,3,230,34,6.3,1
150190180,2013,4,1,160,15,3.1,2
150190180,2013,4,2,176,19,4.1,2
150190180,2013,4,3,210,28,5.9,2
150190180,2013,5,1,158,15,2.5,3
150190180,2013,5,2,168,17,4.1,3
150190180,2013,5,3,187,22,7.1,3
150190180,2013,6,1,159,15,3.4,4
150190180,2013,6,2,176,19,7.9,4
150190180,2013,6,3,201,25,12.5,4
150190180,2013,7,1,162,16,10.4,5
150190180,2013,7,2,190,23,12.2,5
150190180,2013,7,3,272,49,14.8,5
150190180,2013,8,1,199,25,11.3,6
150190180,2013,8,2,234,36,14.5,6
150190180,2013,8,3,329,73,19.2,6
150190180,2013,9,1,155,14,12.5,7
150190180,2013,9,2,178,19,14.8,7
150190180,2013,9,3,234,36,17.8,7
150190180,2013,10,1,148,12,12.1,8
150190180,2013,10,2,158,15,14.3,8
150190180,2013,10,3,218,31,19.2,8
150190180,2013,11,1,147,12,8.4,9
150190180,2013,11,2,163,16,11.3,9
150190180,2013,11,3,215,30,13.1,9
150190180,2013,12,1,148,12,6.7,10
150190180,2013,12,2,155,14,9.5,10
150190180,2013,12,3,173,18,12,10
150190180,2012,1,1,148,11,4.2,11
150190180,2012,1,2,154,12,8.2,11
150190180,2012,1,3,160,14,11.8,11
150190180,2012,2,1,146,11,5.3,12
150190180,2012,2,2,158,14,7.6,12
150190180,2012,2,3,186,20,9.7,12
150190180,2012,3,1,152,13,2.3,1
150190180,2012,3,2,167,16,6.2,1
150190180,2012,3,3,200,24,8.6,1
150190180,2012,4,1,147,12,1.3,2
150190180,2012,4,2,163,15,4.1,2
150190180,2012,4,3,218,27,7,2
150190180,2012,5,1,158,14,4.7,3
150190180,2012,5,2,172,17,7.6,3
150190180,2012,5,3,194,22,10.7,3
150190180,2012,6,1,160,15,7,4
150190180,2012,6,2,176,18,10.7,4
150190180,2012,6,3,238,32,15,4
150190180,2012,7,1,142,11,11.7,5
150190180,2012,7,2,156,14,14.7,5
150190180,2012,7,3,181,19,17.1,5
150190180,2012,8,1,144,11,13.7,6
150190180,2012,8,2,157,14,16.4,6
150190180,2012,8,3,226,30,19.5,6
150190180,2012,9,1,139,10,15.6,7
150190180,2012,9,2,156,14,17.9,7
150190180,2012,9,3,246,34,20.3,7
150190180,2012,10,1,137,10,14.7,8
150190180,2012,10,2,147,12,16.7,8
150190180,2012,10,3,212,26,19.3,8
150190180,2012,11,1,137,10,11.3,9
150190180,2012,11,2,146,12,13.8,9
150190180,2012,11,3,186,20,16,9
150190180,2012,12,1,138,10,6.3,10
150190180,2012,12,2,154,14,10.4,10
150190180,2012,12,3,225,29,13.2,10
150190180,2011,1,1,171,16,4.4,11
150190180,2011,1,2,189,20,9.2,11
150190180,2011,1,3,236,31,11.9,11
150190180,2011,2,1,179,18,0.9,12
150190180,2011,2,2,199,23,3.6,12
150190180,2011,2,3,224,29,6.2,12
150190180,2011,3,1,176,17,2.2,1
150190180,2011,3,2,213,26,4.5,1
150190180,2011,3,3,275,44,6.5,1
150190180,2011,4,1,177,18,3,2
150190180,2011,4,2,195,22,4.6,2
150190180,2011,4,3,225,29,6.3,2
150190180,2011,5,1,172,16,4.3,3
150190180,2011,5,2,185,19,7.1,3
150190180,2011,5,3,227,29,10,3
150190180,2011,6,1,165,15,8.8,4
150190180,2011,6,2,177,17,11,4
150190180,2011,6,3,194,22,13.4,4
150190180,2011,7,1,153,12,9.1,5
150190180,2011,7,2,170,16,13.8,5
150190180,2011,7,3,235,31,16.4,5
150190180,2011,8,1,149,11,14.6,6
150190180,2011,8,2,161,14,16.4,6
150190180,2011,8,3,259,38,17.6,6
150190180,2011,9,1,148,11,14,7
150190180,2011,9,2,174,17,16.3,7
150190180,2011,9,3,265,40,18.5,7
150190180,2011,10,1,151,12,14.4,8
150190180,2011,10,2,166,15,16.7,8
150190180,2011,10,3,290,50,19.2,8
150190180,2011,11,1,148,11,12.6,9
150190180,2011,11,2,155,13,14.5,9
150190180,2011,11,3,167,15,16.9,9
150190180,2011,12,1,148,11,8.8,10
150190180,2011,12,2,156,13,11.6,10
150190180,2011,12,3,178,18,14.4,10
150190180,2010,1,1,156,13,6.5,11
150190180,2010,1,2,179,18,8.4,11
150190180,2010,1,3,252,36,10.7,11
150190180,2010,2,1,156,13,2.4,12
150190180,2010,2,2,167,15,6.4,12
150190180,2010,2,3,207,25,10.2,12
150190180,2010,3,1,161,14,1,1
150190180,2010,3,2,174,17,4,1
150190180,2010,3,3,215,27,6.3,1
150190180,2010,4,1,156,13,3.8,2
150190180,2010,4,2,175,17,5,2
150190180,2010,4,3,222,28,6.4,2
150190180,2010,5,1,173,17,3.2,3
150190180,2010,5,2,191,21,6.3,3
150190180,2010,5,3,220,28,10.7,3
150190180,2010,6,1,154,12,8.6,4
150190180,2010,6,2,177,17,10.6,4
150190180,2010,6,3,216,27,13.4,4
150190180,2010,7,1,157,13,9.4,5
150190180,2010,7,2,257,44,13,5
150190180,2010,7,3,426,130,14.9,5
150190180,2010,8,1,167,15,12.9,6
150190180,2010,8,2,216,28,15.7,6
150190180,2010,8,3,362,88,19,6
150190180,2010,9,1,159,14,15.3,7
150190180,2010,9,2,177,18,17.6,7
150190180,2010,9,3,256,37,21,7
150190180,2010,10,1,172,16,14,8
150190180,2010,10,2,190,21,17,8
150190180,2010,10,3,273,43,18.9,8
150190180,2010,11,1,184,19,11.5,9
150190180,2010,11,2,226,29,13.2,9
150190180,2010,11,3,282,47,14.7,9
150190180,2010,12,1,173,17,7.9,10
150190180,2010,12,2,194,22,9.5,10
150190180,2010,12,3,229,30,11.5,10
150190180,2009,1,1,158,13,5.9,11
150190180,2009,1,2,163,14,9.2,11
150190180,2009,1,3,182,19,11.9,11
150190180,2009,2,1,160,14,3.4,12
150190180,2009,2,2,172,16,6.7,12
150190180,2009,2,3,200,23,8.8,12
150190180,2009,3,1,158,13,2.5,1
150190180,2009,3,2,167,15,4.9,1
150190180,2009,3,3,192,21,7,1
150190180,2009,4,1,168,16,3.8,2
150190180,2009,4,2,178,18,5.5,2
150190180,2009,4,3,200,23,8,2
150190180,2009,5,1,193,22,4.8,3
150190180,2009,5,2,213,27,6.1,3
150190180,2009,5,3,242,34,8.6,3
150190180,2009,6,1,162,15,7.7,4
150190180,2009,6,2,178,19,11.6,4
150190180,2009,6,3,210,26,13.5,4
150190180,2009,7,1,156,14,12.3,5
150190180,2009,7,2,162,15,14.4,5
150190180,2009,7,3,172,17,16.9,5
150190180,2009,8,1,150,13,12.8,6
150190180,2009,8,2,173,18,15.5,6
150190180,2009,8,3,246,35,18.2,6
150190180,2009,9,1,162,14,15.4,7
150190180,2009,9,2,183,19,17.7,7
150190180,2009,9,3,298,50,20.2,7
150190180,2009,10,1,154,12,15.4,8
150190180,2009,10,2,162,14,16.9,8
150190180,2009,10,3,184,19,19,8
150190180,2009,11,1,150,12,13.5,9
150190180,2009,11,2,160,14,15.2,9
150190180,2009,11,3,190,21,18.2,9
150190180,2009,12,1,154,12,8.1,10
150190180,2009,12,2,170,16,11,10
150190180,2009,12,3,194,21,14.4,10
150190180,2008,1,1,156,13,4,11
150190180,2008,1,2,171,16,7.6,11
150190180,2008,1,3,196,22,12.4,11
150190180,2008,2,1,166,15,1.8,12
150190180,2008,2,2,177,18,5.4,12
150190180,2008,2,3,194,21,8.4,12
150190180,2008,3,1,162,14,1.2,1
150190180,2008,3,2,169,16,5.9,1
150190180,2008,3,3,188,20,8.6,1
150190180,2008,4,1,165,15,3,2
150190180,2008,4,2,173,17,6.7,2
150190180,2008,4,3,182,19,8.6,2
150190180,2008,5,1,170,16,4.3,3
150190180,2008,5,2,178,18,7.6,3
150190180,2008,5,3,200,23,8.8,3
150190180,2008,6,1,158,13,9.4,4
150190180,2008,6,2,168,16,11.2,4
150190180,2008,6,3,176,17,13.2,4
150190180,2008,7,1,154,12,12.8,5
150190180,2008,7,2,160,14,14.5,5
150190180,2008,7,3,184,19,17,5
150190180,2008,8,1,145,11,13.2,6
150190180,2008,8,2,155,13,17,6
150190180,2008,8,3,196,22,19,6
150190180,2008,9,1,144,11,15.8,7
150190180,2008,9,2,161,14,17.5,7
150190180,2008,9,3,202,23,20,7
150190180,2008,10,1,150,12,15,8
150190180,2008,10,2,162,14,17.2,8
150190180,2008,10,3,260,38,19.2,8
150190180,2008,11,1,150,12,12.2,9
150190180,2008,11,2,163,14,14.3,9
150190180,2008,11,3,204,24,18.4,9
150190180,2008,12,1,158,13,9.7,10
150190180,2008,12,2,164,15,12,10
150190180,2008,12,3,174,17,13.8,10
150190180,2007,1,1,152,11,4.6,11
150190180,2007,1,2,167,15,9.2,11
150190180,2007,1,3,194,21,10.6,11
150190180,2007,2,1,156,14,4.8,12
150190180,2007,2,2,160,15,8.2,12
150190180,2007,2,3,166,16,10.6,12
150190180,2007,3,1,164,16,2.4,1
150190180,2007,3,2,177,18,7,1
150190180,2007,3,3,212,26,9.6,1
150190180,2007,4,1,188,21,2.6,2
150190180,2007,4,2,202,24,6,2
150190180,2007,4,3,240,33,7.2,2
150190180,2007,5,1,178,18,6.8,3
150190180,2007,5,2,195,22,8.5,3
150190180,2007,5,3,218,28,9.6,3
150190180,2007,6,1,160,14,8.2,4
150190180,2007,6,2,173,17,11.5,4
150190180,2007,6,3,186,20,14.8,4
150190180,2007,7,1,150,12,11.2,5
150190180,2007,7,2,160,14,15.2,5
150190180,2007,7,3,200,23,18.4,5
150190180,2007,8,1,148,11,15,6
150190180,2007,8,2,157,13,17.1,6
150190180,2007,8,3,190,21,19,6
150190180,2007,9,1,150,12,15,7
150190180,2007,9,2,156,13,17.4,7
150190180,2007,9,3,178,18,20.2,7
150190180,2007,10,1,148,11,14.4,8
150190180,2007,10,2,155,13,17.1,8
150190180,2007,10,3,204,24,19,8
150190180,2007,11,1,146,11,10,9
150190180,2007,11,2,168,16,13.7,9
150190180,2007,11,3,236,32,15.4,9
150190180,2007,12,1,154,12,9.8,10
150190180,2007,12,2,162,14,11.6,10
150190180,2007,12,3,212,26,15.4,10
150190180,2006,1,1,150,12,4,11
150190180,2006,1,2,153,12,8.1,11
150190180,2006,1,3,164,15,11.4,11
150190180,2006,2,1,154,12,1.6,12
150190180,2006,2,2,164,15,6,12
150190180,2006,2,3,188,20,8.8,12
150190180,2006,3,1,154,13,0.4,1
150190180,2006,3,2,160,15,2.5,1
150190180,2006,3,3,180,18,7.2,1
150190180,2006,4,1,156,14,2,2
150190180,2006,4,2,162,15,3.2,2
150190180,2006,4,3,178,19,4,2
150190180,2006,5,1,156,14,3.6,3
150190180,2006,5,2,178,19,6,3
150190180,2006,5,3,314,56,8,3
150190180,2006,6,1,180,19,6.8,4
150190180,2006,6,2,206,25,10.1,4
150190180,2006,6,3,256,37,13.8,4
150190180,2006,7,1,166,16,11.6,5
150190180,2006,7,2,179,19,13.9,5
150190180,2006,7,3,210,26,16.2,5
150190180,2006,8,1,158,14,12.8,6
150190180,2006,8,2,167,16,16.2,6
150190180,2006,8,3,190,21,20,6
150190180,2006,9,1,150,13,15.8,7
150190180,2006,9,2,157,14,18.2,7
150190180,2006,9,3,184,20,19.4,7
150190180,2006,10,1,152,13,14.4,8
150190180,2006,10,2,163,15,16.5,8
150190180,2006,10,3,210,26,18.8,8
150190180,2006,11,1,154,11,14,9
150190180,2006,11,2,160,13,15,9
150190180,2006,11,3,188,20,16.6,9
150190180,2006,12,1,150,11,8.4,10
150190180,2006,12,2,154,11,12.2,10
150190180,2006,12,3,168,15,16,10
150190180,2005,1,1,153,12,3.2,11
150190180,2005,1,2,164,15,8.8,11
150190180,2005,1,3,195,22,13.8,11
150190180,2005,2,1,152,13,2.2,12
150190180,2005,2,2,161,14,6.2,12
150190180,2005,2,3,180,18,9.2,12
150190180,2005,3,1,152,13,1.2,1
150190180,2005,3,2,167,16,5.3,1
150190180,2005,3,3,201,23,8.6,1
150190180,2005,4,1,154,13,0.2,2
150190180,2005,4,2,167,16,4.2,2
150190180,2005,4,3,205,24,7.2,2
150190180,2005,5,1,162,14,0.4,3
150190180,2005,5,2,188,20,4.8,3
150190180,2005,5,3,266,40,8.8,3
150190180,2005,6,1,164,15,8,4
150190180,2005,6,2,170,16,11.1,4
150190180,2005,6,3,180,18,13.6,4
150190180,2005,7,1,158,14,10.4,5
150190180,2005,7,2,167,16,14.2,5
150190180,2005,7,3,186,20,18.6,5
150190180,2005,8,1,154,14,13,6
150190180,2005,8,2,160,15,16.1,6
150190180,2005,8,3,176,18,19.2,6
150190180,2005,9,1,150,13,15,7
150190180,2005,9,2,157,15,17,7
150190180,2005,9,3,170,17,20.5,7
150190180,2005,10,1,150,12,13.2,8
150190180,2005,10,2,158,14,15.9,8
150190180,2005,10,3,170,17,20.4,8
150190180,2005,11,1,148,11,11.6,9
150190180,2005,11,2,152,12,14.4,9
150190180,2005,11,3,162,14,17.6,9
150190180,2005,12,1,148,11,6.2,10
150190180,2005,12,2,151,12,11.3,10
150190180,2005,12,3,156,13,14.8,10
150190180,2004,1,1,151,12,4.8,11
150190180,2004,1,2,158,13,9.3,11
150190180,2004,1,3,180,18,11.4,11
150190180,2004,2,1,150,12,0.2,12
150190180,2004,2,2,162,14,5.5,12
150190180,2004,2,3,222,28,10.6,12
150190180,2004,3,1,155,13,0.2,1
150190180,2004,3,2,166,15,2.6,1
150190180,2004,3,3,188,20,7,1
150190180,2004,4,1,165,15,1.8,2
150190180,2004,4,2,186,20,5.4,2
150190180,2004,4,3,212,26,8.6,2
150190180,2004,5,1,168,16,1.2,3
150190180,2004,5,2,202,23,6.8,3
150190180,2004,5,3,249,35,9.6,3
150190180,2004,6,1,164,15,7.8,4
150190180,2004,6,2,190,21,11,4
150190180,2004,6,3,228,30,14,4
150190180,2004,7,1,160,14,12.2,5
150190180,2004,7,2,174,17,13.8,5
150190180,2004,7,3,212,26,15.2,5
150190180,2004,8,1,149,11,14.4,6
150190180,2004,8,2,164,15,15.9,6
150190180,2004,8,3,228,30,17.4,6
150190180,2004,9,1,146,11,14.6,7
150190180,2004,9,2,159,13,16.8,7
150190180,2004,9,3,222,28,19.4,7
150190180,2004,10,1,147,11,15.4,8
150190180,2004,10,2,160,14,16.8,8
150190180,2004,10,3,227,29,18.6,8
150190180,2004,11,1,148,11,11.2,9
150190180,2004,11,2,156,13,14.1,9
150190180,2004,11,3,173,17,16.4,9
150190180,2004,12,1,149,11,7.8,10
150190180,2004,12,2,158,13,12.1,10
150190180,2004,12,3,186,20,14.4,10
150190180,2003,1,1,174,18,6,11
150190180,2003,1,2,184,20,8.8,11
150190180,2003,1,3,217,27,10.8,11
150190180,2003,2,1,164,16,0.1,12
150190180,2003,2,2,177,18,3.3,12
150190180,2003,2,3,211,26,9.6,12
150190180,2003,3,1,170,16,0,1
150190180,2003,3,2,185,19,3.7,1
150190180,2003,3,3,255,37,7.6,1
150190180,2003,4,1,170,16,0.6,2
150190180,2003,4,2,177,18,2.7,2
150190180,2003,4,3,188,20,5.2,2
150190180,2003,5,1,169,16,3.6,3
150190180,2003,5,2,189,20,6.7,3
150190180,2003,5,3,249,35,10.2,3
150190180,2003,6,1,174,17,2.4,4
150190180,2003,6,2,186,20,9.3,4
150190180,2003,6,3,214,26,14,4
150190180,2003,7,1,170,16,13,5
150190180,2003,7,2,181,18,15.3,5
150190180,2003,7,3,244,34,17.6,5
150190180,2003,8,1,160,14,15.2,6
150190180,2003,8,2,171,16,17.2,6
150190180,2003,8,3,222,28,18.8,6
150190180,2003,9,1,152,12,15.2,7
150190180,2003,9,2,167,15,17.2,7
150190180,2003,9,3,260,38,19.2,7
150190180,2003,10,1,147,11,15,8
150190180,2003,10,2,161,14,17.2,8
150190180,2003,10,3,197,22,19,8
150190180,2003,11,1,149,11,10.8,9
150190180,2003,11,2,156,13,14,9
150190180,2003,11,3,196,22,16,9
150190180,2003,12,1,152,12,6.2,10
150190180,2003,12,2,161,14,10.5,10
150190180,2003,12,3,248,35,14.4,10
150190180,2002,1,1,190,19,4.2,11
150190180,2002,1,2,204,23,7.7,11
150190180,2002,1,3,240,33,12,11
150190180,2002,2,1,176,18,1,12
150190180,2002,2,2,190,21,4,12
150190180,2002,2,3,210,25,6.8,12
150190180,2002,3,1,192,21,0.6,1
150190180,2002,3,2,212,26,4.4,1
150190180,2002,3,3,264,39,6.6,1
150190180,2002,4,1,208,25,5,2
150190180,2002,4,2,224,29,6.6,2
150190180,2002,4,3,249,35,8,2
150190180,2002,5,1,183,20,6.2,3
150190180,2002,5,2,203,24,8.2,3
150190180,2002,5,3,237,32,10,3
150190180,2002,6,1,177,18,5.8,4
150190180,2002,6,2,185,20,11.1,4
150190180,2002,6,3,207,25,14,4
150190180,2002,7,1,167,16,12.8,5
150190180,2002,7,2,188,21,15.5,5
150190180,2002,7,3,294,49,17.4,5
150190180,2002,8,1,188,21,13.2,6
150190180,2002,8,2,226,30,16.6,6
150190180,2002,8,3,351,70,19.4,6
150190180,2002,9,1,168,17,16,7
150190180,2002,9,2,189,21,17.7,7
150190180,2002,9,3,273,42,20,7
150190180,2002,10,1,168,17,16.4,8
150190180,2002,10,2,181,19,17.3,8
150190180,2002,10,3,230,30,18.8,8
150190180,2002,11,1,170,17,11.6,9
150190180,2002,11,2,178,19,14.4,9
150190180,2002,11,3,214,26,17.2,9
150190180,2002,12,1,173,18,9,10
150190180,2002,12,2,185,20,10.8,10
150190180,2002,12,3,228,30,13.2,10
150190180,2001,1,1,176,17,8.4,11
150190180,2001,1,2,185,18,9.9,11
150190180,2001,1,3,246,32,12.4,11
150190180,2001,2,1,178,17,0.6,12
150190180,2001,2,2,186,19,6.9,12
150190180,2001,2,3,225,27,10,12
150190180,2001,3,1,184,18,0.6,1
150190180,2001,3,2,195,20,4,1
150190180,2001,3,3,249,33,7.8,1
150190180,2001,4,1,170,15,0.4,2
150190180,2001,4,2,182,18,5.2,2
150190180,2001,4,3,202,22,8.2,2
150190180,2001,5,1,174,16,1.4,3
150190180,2001,5,2,193,20,7.1,3
150190180,2001,5,3,227,28,10,3
150190180,2001,6,1,178,17,5.2,4
150190180,2001,6,2,218,26,9.7,4
150190180,2001,6,3,327,60,12,4
150190180,2001,7,1,179,17,12.4,5
150190180,2001,7,2,208,23,14.3,5
150190180,2001,7,3,269,39,16.2,5
150190180,2001,8,1,184,18,13.4,6
150190180,2001,8,2,202,22,15,6
150190180,2001,8,3,273,40,16.8,6
150190180,2001,9,1,168,15,15.6,7
150190180,2001,9,2,223,28,17.5,7
150190180,2001,9,3,342,66,19.2,7
150190180,2001,10,1,184,18,14.8,8
150190180,2001,10,2,207,23,17.4,8
150190180,2001,10,3,259,36,18.8,8
150190180,2001,11,1,184,18,11.8,9
150190180,2001,11,2,211,24,13.7,9
150190180,2001,11,3,280,42,15.6,9
150190180,2001,12,1,189,19,10.2,10
150190180,2001,12,2,206,23,12.8,10
150190180,2001,12,3,234,29,14.6,10
150190180,2000,1,1,184,18,4.6,11
150190180,2000,1,2,190,19,7.9,11
150190180,2000,1,3,208,23,11.2,11
150190180,2000,2,1,183,18,1.2,12
150190180,2000,2,2,186,19,4.9,12
150190180,2000,2,3,197,21,7.4,12
150190180,2000,3,1,186,19,1,1
150190180,2000,3,2,190,19,3.8,1
150190180,2000,3,3,247,33,5.8,1
150190180,2000,4,1,199,21,3.4,2
150190180,2000,4,2,211,24,5.5,2
150190180,2000,4,3,250,33,7.8,2
150190180,2000,5,1,205,23,3.8,3
150190180,2000,5,2,237,30,6.7,3
150190180,2000,5,3,295,47,9.8,3
150190180,2000,6,1,196,21,7.2,4
150190180,2000,6,2,220,26,11.5,4
150190180,2000,6,3,281,43,15.4,4
150190180,2000,7,1,190,19,13.2,5
150190180,2000,7,2,197,21,15.2,5
150190180,2000,7,3,252,34,17.8,5
150190180,2000,8,1,185,18,13.2,6
150190180,2000,8,2,190,19,16.5,6
150190180,2000,8,3,218,25,19.4,6
150190180,2000,9,1,182,18,14.4,7
150190180,2000,9,2,201,22,16.2,7
150190180,2000,9,3,296,48,18.6,7
150190180,2000,10,1,187,19,15,8
150190180,2000,10,2,207,23,17.1,8
150190180,2000,10,3,288,45,19.4,8
150190180,2000,11,1,184,18,11.8,9
150190180,2000,11,2,190,19,13.7,9
150190180,2000,11,3,256,35,15.8,9
150190180,2000,12,1,176,17,9.8,10
150190180,2000,12,2,182,18,13,10
150190180,2000,12,3,219,26,14.8,10
150190180,1999,1,1,195,19,3.4,11
150190180,1999,1,2,203,20,6.5,11
150190180,1999,1,3,249,32,9.4,11
150190180,1999,2,1,189,18,1.8,12
150190180,1999,2,2,204,21,4.4,12
150190180,1999,2,3,240,31,6.6,12
150190180,1999,3,1,196,21,3.4,1
150190180,1999,3,2,203,22,5.6,1
150190180,1999,3,3,216,25,7.6,1
150190180,1999,4,1,194,20,2.8,2
150190180,1999,4,2,213,24,4.5,2
150190180,1999,4,3,239,30,6.2,2
150190180,1999,5,1,196,21,5.2,3
150190180,1999,5,2,224,27,7,3
150190180,1999,5,3,257,35,11,3
150190180,1999,6,1,187,19,9.6,4
150190180,1999,6,2,196,21,11.3,4
150190180,1999,6,3,237,30,13.2,4
150190180,1999,7,1,184,18,11.8,5
150190180,1999,7,2,192,20,14,5
150190180,1999,7,3,211,24,17.8,5
150190180,1999,8,1,185,18,12.8,6
150190180,1999,8,2,207,23,16.2,6
150190180,1999,8,3,293,47,17.8,6
150190180,1999,9,1,182,18,16.6,7
150190180,1999,9,2,199,21,18,7
150190180,1999,9,3,338,64,20.2,7
150190180,1999,10,1,182,18,14,8
150190180,1999,10,2,188,19,16.4,8
150190180,1999,10,3,241,31,18.8,8
150190180,1999,11,1,188,19,13.2,9
150190180,1999,11,2,191,20,15.3,9
150190180,1999,11,3,234,29,16.4,9
150190180,1999,12,1,190,19,8.2,10
150190180,1999,12,2,195,20,11.6,10
150190180,1999,12,3,246,32,15,10
150190180,1998,1,1,204,20,5.6,11
150190180,1998,1,2,223,25,7.9,11
150190180,1998,1,3,280,42,11.2,11
150190180,1998,2,1,220,24,1.2,12
150190180,1998,2,2,234,27,6.3,12
150190180,1998,2,3,266,37,8.3,12
150190180,1998,3,1,217,23,2.6,1
150190180,1998,3,2,233,27,5.4,1
150190180,1998,3,3,269,38,7.4,1
150190180,1998,4,1,220,24,1.2,2
150190180,1998,4,2,238,29,5.8,2
150190180,1998,4,3,278,41,9.2,2
150190180,1998,5,1,208,21,4.4,3
150190180,1998,5,2,229,26,6.5,3
150190180,1998,5,3,254,33,9.4,3
150190180,1998,6,1,197,19,8.2,4
150190180,1998,6,2,215,23,11.2,4
150190180,1998,6,3,246,31,13.8,4
150190180,1998,7,1,187,17,11.2,5
150190180,1998,7,2,201,20,14,5
150190180,1998,7,3,219,24,17,5
150190180,1998,8,1,185,17,14.8,6
150190180,1998,8,2,198,19,16.9,6
150190180,1998,8,3,236,28,19.6,6
150190180,1998,9,1,180,16,14.4,7
150190180,1998,9,2,194,19,16.8,7
150190180,1998,9,3,232,27,20.2,7
150190180,1998,10,1,180,16,13.4,8
150190180,1998,10,2,193,18,16.7,8
150190180,1998,10,3,307,52,19.8,8
150190180,1998,11,1,181,16,12,9
150190180,1998,11,2,190,18,14.1,9
150190180,1998,11,3,238,28,16.4,9
150190180,1998,12,1,183,17,9.2,10
150190180,1998,12,2,197,19,10.9,10
150190180,1998,12,3,235,28,13,10
150190180,1997,1,1,199,19,6.7,11
150190180,1997,1,2,215,23,9.8,11
150190180,1997,1,3,261,34,11.8,11
150190180,1997,2,1,190,18,0.4,12
150190180,1997,2,2,207,21,4.7,12
150190180,1997,2,3,219,23,7.2,12
150190180,1997,3,1,190,18,1.2,1
150190180,1997,3,2,199,19,2.2,1
150190180,1997,3,3,220,24,3.2,1
150190180,1997,4,1,190,18,1.8,2
150190180,1997,4,2,205,21,4.8,2
150190180,1997,4,3,235,27,8.8,2
150190180,1997,5,1,194,19,4.2,3
150190180,1997,5,2,203,20,7,3
150190180,1997,5,3,219,23,9.9,3
150190180,1997,6,1,196,19,6.1,4
150190180,1997,6,2,207,21,8.2,4
150190180,1997,6,3,236,27,12.4,4
150190180,1997,7,1,190,18,11.6,5
150190180,1997,7,2,203,20,14.2,5
150190180,1997,7,3,231,26,17.6,5
150190180,1997,8,1,187,17,10.8,6
150190180,1997,8,2,203,20,15.5,6
150190180,1997,8,3,264,34,19.4,6
150190180,1997,9,1,202,20,15,7
150190180,1997,9,2,318,58,16.7,7
150190180,1997,9,3,430,105,19.2,7
150190180,1997,10,1,208,21,15.2,8
150190180,1997,10,2,237,29,16.5,8
150190180,1997,10,3,293,46,17.4,8
150190180,1997,11,1,202,20,12,9
150190180,1997,11,2,219,24,14.1,9
150190180,1997,11,3,325,59,16.8,9
150190180,1997,12,1,202,20,5.8,10
150190180,1997,12,2,211,22,10.3,10
150190180,1997,12,3,263,36,14.2,10
150190180,1996,1,1,178,13,5,11
150190180,1996,1,2,189,14,8.1,11
150190180,1996,1,3,201,17,11.4,11
150190180,1996,2,1,180,13,3,12
150190180,1996,2,2,189,15,6.3,12
150190180,1996,2,3,217,20,7.8,12
150190180,1996,3,1,179,13,2.4,1
150190180,1996,3,2,188,14,5.1,1
150190180,1996,3,3,208,18,7.6,1
150190180,1996,4,1,180,13,3.6,2
150190180,1996,4,2,186,14,5.2,2
150190180,1996,4,3,211,19,6.8,2
150190180,1996,5,1,181,13,5,3
150190180,1996,5,2,194,15,6.3,3
150190180,1996,5,3,225,22,8,3
150190180,1996,6,1,190,15,5.4,4
150190180,1996,6,2,206,18,9.7,4
150190180,1996,6,3,231,24,14.4,4
150190180,1996,7,1,188,14,12.4,5
150190180,1996,7,2,243,28,14.5,5
150190180,1996,7,3,332,55,16.4,5
150190180,1996,8,1,190,18,14.6,6
150190180,1996,8,2,211,22,16.7,6
150190180,1996,8,3,303,46,20,6
150190180,1996,9,1,197,19,14.6,7
150190180,1996,9,2,210,22,16.3,7
150190180,1996,9,3,267,35,18.4,7
150190180,1996,10,1,198,19,15.4,8
150190180,1996,10,2,210,22,17.3,8
150190180,1996,10,3,272,36,18.4,8
150190180,1996,11,1,214,22,11.2,9
150190180,1996,11,2,242,29,13.1,9
150190180,1996,11,3,322,52,18,9
150190180,1996,12,1,197,19,9.8,10
150190180,1996,12,2,208,21,11.8,10
150190180,1996,12,3,231,26,13.2,10
150190180,1995,1,1,179,13,7,11
150190180,1995,1,2,190,15,9.7,11
150190180,1995,1,3,205,17,12,11
150190180,1995,2,1,185,14,4.8,12
150190180,1995,2,2,201,17,7.4,12
150190180,1995,2,3,234,25,9.8,12
150190180,1995,3,1,187,14,4.6,1
150190180,1995,3,2,203,17,6,1
150190180,1995,3,3,245,28,7.6,1
150190180,1995,4,1,200,16,5.6,2
150190180,1995,4,2,211,19,7.1,2
150190180,1995,4,3,244,28,8.4,2
150190180,1995,5,1,196,16,6.2,3
150190180,1995,5,2,210,19,7.5,3
150190180,1995,5,3,235,25,9,3
150190180,1995,6,1,194,15,7,4
150190180,1995,6,2,209,18,10.4,4
150190180,1995,6,3,248,29,14.6,4
150190180,1995,7,1,191,15,11,5
150190180,1995,7,2,207,18,13.4,5
150190180,1995,7,3,266,35,17.4,5
150190180,1995,8,1,186,14,15,6
150190180,1995,8,2,200,17,16.9,6
150190180,1995,8,3,260,33,18.4,6
150190180,1995,9,1,173,12,17.4,7
150190180,1995,9,2,190,15,19.1,7
150190180,1995,9,3,306,47,20.6,7
150190180,1995,10,1,172,12,14.6,8
150190180,1995,10,2,184,14,17.8,8
150190180,1995,10,3,235,25,19.4,8
150190180,1995,11,1,183,14,12.4,9
150190180,1995,11,2,194,15,15,9
150190180,1995,11,3,239,26,17.6,9
150190180,1995,12,1,177,13,9.4,10
150190180,1995,12,2,187,14,13,10
150190180,1995,12,3,226,23,16.4,10
150190180,1994,1,1,177,13,5.6,11
150190180,1994,1,2,183,14,8.8,11
150190180,1994,1,3,227,23,13.8,11
150190180,1994,2,1,178,13,5.8,12
150190180,1994,2,2,187,14,8.7,12
150190180,1994,2,3,213,19,10.4,12
150190180,1994,3,1,179,13,7.2,1
150190180,1994,3,2,190,15,8.8,1
150190180,1994,3,3,228,23,10.4,1
150190180,1994,4,1,172,12,2.2,2
150190180,1994,4,2,187,14,6.7,2
150190180,1994,4,3,202,17,9.2,2
150190180,1994,5,1,184,14,5.8,3
150190180,1994,5,2,200,17,8.3,3
150190180,1994,5,3,240,27,10.4,3
150190180,1994,6,1,189,14,7.4,4
150190180,1994,6,2,231,25,10.5,4
150190180,1994,6,3,284,40,14.8,4
150190180,1994,7,1,191,15,11.8,5
150190180,1994,7,2,204,17,14.8,5
150190180,1994,7,3,274,37,17.2,5
150190180,1994,8,1,180,13,14.4,6
150190180,1994,8,2,194,15,16.6,6
150190180,1994,8,3,227,23,21,6
150190180,1994,9,1,173,12,17.8,7
150190180,1994,9,2,183,14,19.4,7
150190180,1994,9,3,240,27,20.6,7
150190180,1994,10,1,172,12,14.4,8
150190180,1994,10,2,188,15,18.3,8
150190180,1994,10,3,244,28,21.2,8
150190180,1994,11,1,172,12,13.8,9
150190180,1994,11,2,187,14,16.3,9
150190180,1994,11,3,304,46,18.6,9
150190180,1994,12,1,176,13,8.8,10
150190180,1994,12,2,189,15,11.9,10
150190180,1994,12,3,230,24,15.4,10
150190180,1993,1,1,178,13,8.6,11
150190180,1993,1,2,188,14,9.7,11
150190180,1993,1,3,210,19,11.6,11
150190180,1993,2,1,182,13,4.2,12
150190180,1993,2,2,197,16,7,12
150190180,1993,2,3,230,24,10.4,12
150190180,1993,3,1,183,14,2.8,1
150190180,1993,3,2,195,16,6.4,1
150190180,1993,3,3,223,22,9.2,1
150190180,1993,4,1,186,14,3.6,2
150190180,1993,4,2,193,15,6.4,2
150190180,1993,4,3,205,17,7.8,2
150190180,1993,5,1,187,14,4.6,3
150190180,1993,5,2,202,17,7.8,3
150190180,1993,5,3,233,25,11.4,3
150190180,1993,6,1,187,14,7.2,4
150190180,1993,6,2,209,18,11,4
150190180,1993,6,3,227,23,15.6,4
150190180,1993,7,1,179,13,13.2,5
150190180,1993,7,2,191,15,16.3,5
150190180,1993,7,3,227,23,19.2,5
150190180,1993,8,1,179,13,14.8,6
150190180,1993,8,2,190,15,17.1,6
150190180,1993,8,3,270,36,18.6,6
150190180,1993,9,1,181,13,15.2,7
150190180,1993,9,2,191,15,17.5,7
150190180,1993,9,3,226,23,19.6,7
150190180,1993,10,1,177,13,15.4,8
150190180,1993,10,2,183,14,18.1,8
150190180,1993,10,3,215,20,20.6,8
150190180,1993,11,1,171,12,12,9
150190180,1993,11,2,183,14,15.4,9
150190180,1993,11,3,210,19,17.8,9
150190180,1993,12,1,174,12,9.8,10
150190180,1993,12,2,182,13,13.2,10
150190180,1993,12,3,202,17,15.2,10
150190180,1992,1,1,181,14,8.6,11
150190180,1992,1,2,198,16,9.7,11
150190180,1992,1,3,254,31,10.8,11
150190180,1992,2,1,186,14,4,12
150190180,1992,2,2,195,16,6.9,12
150190180,1992,2,3,215,20,9.8,12
150190180,1992,3,1,192,15,3.6,1
150190180,1992,3,2,203,17,6.5,1
150190180,1992,3,3,242,27,8.2,1
150190180,1992,4,1,194,15,5.6,2
150190180,1992,4,2,209,18,6.8,2
150190180,1992,4,3,241,27,7.8,2
150190180,1992,5,1,197,16,5.4,3
150190180,1992,5,2,219,21,7.6,3
150190180,1992,5,3,255,31,8.8,3
150190180,1992,6,1,199,16,7.6,4
150190180,1992,6,2,221,22,10.9,4
150190180,1992,6,3,265,34,14.8,4
150190180,1992,7,1,188,14,13,5
150190180,1992,7,2,201,17,14.6,5
150190180,1992,7,3,224,22,16,5
150190180,1992,8,1,180,13,16,6
150190180,1992,8,2,189,14,18.3,6
150190180,1992,8,3,222,21,20.2,6
150190180,1992,9,1,175,13,18.2,7
150190180,1992,9,2,189,15,19.4,7
150190180,1992,9,3,275,37,21,7
150190180,1992,10,1,165,12,17.2,8
150190180,1992,10,2,177,13,19.6,8
150190180,1992,10,3,189,14,21.2,8
150190180,1992,11,1,171,12,14,9
150190180,1992,11,2,181,13,15.7,9
150190180,1992,11,3,207,18,20.2,9
150190180,1992,12,1,172,12,9.6,10
150190180,1992,12,2,186,14,12.1,10
150190180,1992,12,3,234,25,16,10
150190180,1991,1,1,180,14,10,11
150190180,1991,1,2,196,16,11.1,11
150190180,1991,1,3,232,24,12.6,11
150190180,1991,2,1,190,15,5.8,12
150190180,1991,2,2,197,16,7.8,12
150190180,1991,2,3,223,22,9,12
150190180,1991,3,1,185,14,4.4,1
150190180,1991,3,2,195,16,8,1
150190180,1991,3,3,209,18,10.6,1
150190180,1991,4,1,182,14,3.8,2
150190180,1991,4,2,193,15,6.2,2
150190180,1991,4,3,212,19,9.4,2
150190180,1991,5,1,185,14,7.6,3
150190180,1991,5,2,193,15,10.1,3
150190180,1991,5,3,211,19,12.6,3
150190180,1991,6,1,184,14,9.4,4
150190180,1991,6,2,193,15,11.6,4
150190180,1991,6,3,205,17,13,4
150190180,1991,7,1,181,14,10.4,5
150190180,1991,7,2,197,16,13.7,5
150190180,1991,7,3,256,31,15.8,5
150190180,1991,8,1,184,14,14.8,6
150190180,1991,8,2,195,16,16.6,6
150190180,1991,8,3,243,28,19,6
150190180,1991,9,1,179,14,16,7
150190180,1991,9,2,190,15,19,7
150190180,1991,9,3,283,40,21.2,7
150190180,1991,10,1,179,14,16.6,8
150190180,1991,10,2,188,15,18.3,8
150190180,1991,10,3,242,27,20.8,8
150190180,1991,11,1,176,14,14.6,9
150190180,1991,11,2,188,15,16.4,9
150190180,1991,11,3,270,36,17.6,9
150190180,1991,12,1,182,14,9,10
150190180,1991,12,2,191,15,13.2,10
150190180,1991,12,3,231,24,16.6,10
150190180,1990,1,1,182,14,6.6,11
150190180,1990,1,2,190,15,10.6,11
150190180,1990,1,3,208,18,14.2,11
150190180,1990,2,1,183,14,5.6,12
150190180,1990,2,2,193,15,7.6,12
150190180,1990,2,3,214,20,10.8,12
150190180,1990,3,1,183,14,5.4,1
150190180,1990,3,2,193,15,8.1,1
150190180,1990,3,3,212,19,9.8,1
150190180,1990,4,1,188,15,7.2,2
150190180,1990,4,2,194,15,9.3,2
150190180,1990,4,3,209,18,11.2,2
150190180,1990,5,1,182,14,7.4,3
150190180,1990,5,2,192,15,10.5,3
150190180,1990,5,3,215,20,13.6,3
150190180,1990,6,1,182,14,8.4,4
150190180,1990,6,2,195,16,12.4,4
150190180,1990,6,3,244,28,14,4
150190180,1990,7,1,181,14,13.4,5
150190180,1990,7,2,193,15,15.9,5
150190180,1990,7,3,271,36,17.8,5
150190180,1990,8,1,181,14,15,6
150190180,1990,8,2,193,15,17.3,6
150190180,1990,8,3,267,35,20.4,6
150190180,1990,9,1,179,14,17,7
150190180,1990,9,2,191,15,18,7
150190180,1990,9,3,277,38,20.8,7
150190180,1990,10,1,174,13,16.2,8
150190180,1990,10,2,186,15,18.3,8
150190180,1990,10,3,230,24,20,8
150190180,1990,11,1,177,14,13.6,9
150190180,1990,11,2,193,15,15.3,9
150190180,1990,11,3,260,33,19.2,9
150190180,1990,12,1,176,14,10.4,10
150190180,1990,12,2,188,15,13.4,10
150190180,1990,12,3,220,21,15.6,10
150190180,1989,1,1,187,16,7.6,11
150190180,1989,1,2,199,18,8.8,11
150190180,1989,1,3,224,23,10.2,11
150190180,1989,2,1,192,17,6.8,12
150190180,1989,2,2,211,20,8.2,12
150190180,1989,2,3,258,32,9.4,12
150190180,1989,3,1,197,18,7.2,1
150190180,1989,3,2,205,19,8.2,1
150190180,1989,3,3,220,22,8.8,1
150190180,1989,4,1,197,18,7.6,2
150190180,1989,4,2,203,19,9.2,2
150190180,1989,4,3,225,24,10.4,2
150190180,1989,5,1,192,17,9.2,3
150190180,1989,5,2,198,18,10,3
150190180,1989,5,3,210,20,11.2,3
150190180,1989,6,1,188,16,9.2,4
150190180,1989,6,2,196,18,12.8,4
150190180,1989,6,3,246,29,15.4,4
150190180,1989,7,1,186,16,11.6,5
150190180,1989,7,2,198,18,15.5,5
150190180,1989,7,3,250,30,17.8,5
150190180,1989,8,1,188,16,15.8,6
150190180,1989,8,2,200,18,17.2,6
150190180,1989,8,3,258,32,18.2,6
150190180,1989,9,1,187,16,16,7
150190180,1989,9,2,199,18,18.7,7
150190180,1989,9,3,260,33,21.2,7
150190180,1989,10,1,182,16,15.8,8
150190180,1989,10,2,192,17,18.6,8
150190180,1989,10,3,228,24,20.6,8
150190180,1989,11,1,183,16,16,9
150190180,1989,11,2,191,17,17.2,9
150190180,1989,11,3,225,24,18.4,9
150190180,1989,12,1,183,16,13,10
150190180,1989,12,2,190,17,14,10
150190180,1989,12,3,206,19,14.8,10
150190180,1988,1,1,196,16,9.5,11
150190180,1988,1,2,209,18,10.6,11
150190180,1988,1,3,264,34,11.3,11
150190180,1988,2,1,200,16,5.3,12
150190180,1988,2,2,216,20,8.1,12
150190180,1988,2,3,248,29,9.9,12
150190180,1988,3,1,206,18,6.9,1
150190180,1988,3,2,217,20,8.3,1
150190180,1988,3,3,254,31,10.1,1
150190180,1988,4,1,210,19,5,2
150190180,1988,4,2,224,22,7.8,2
150190180,1988,4,3,246,28,9.3,2
150190180,1988,5,1,214,20,5.9,3
150190180,1988,5,2,229,23,7.2,3
150190180,1988,5,3,256,31,9.1,3
150190180,1988,6,1,201,17,8.9,4
150190180,1988,6,2,220,21,10.9,4
150190180,1988,6,3,263,34,13.3,4
150190180,1988,7,1,193,15,13.3,5
150190180,1988,7,2,207,18,15.7,5
150190180,1988,7,3,273,37,17.7,5
150190180,1988,8,1,199,18,15.3,6
150190180,1988,8,2,215,21,17.1,6
150190180,1988,8,3,274,37,18.7,6
150190180,1988,9,1,194,17,17.1,7
150190180,1988,9,2,203,19,18.9,7
150190180,1988,9,3,234,26,21.1,7
150190180,1988,10,1,187,16,16.5,8
150190180,1988,10,2,200,18,18.2,8
150190180,1988,10,3,250,30,19.9,8
150190180,1988,11,1,191,17,14.9,9
150190180,1988,11,2,202,18,16.1,9
150190180,1988,11,3,252,30,17.9,9
150190180,1988,12,1,188,16,9.9,10
150190180,1988,12,2,197,17,13.6,10
150190180,1988,12,3,214,21,15.9,10
150190180,1987,1,1,194,15,9.1,11
150190180,1987,1,2,199,16,10.8,11
150190180,1987,1,3,210,19,12.9,11
150190180,1987,2,1,194,15,5.5,12
150190180,1987,2,2,202,17,7.7,12
150190180,1987,2,3,256,31,9.7,12
150190180,1987,3,1,192,15,2,1
150190180,1987,3,2,209,19,4.2,1
150190180,1987,3,3,271,36,5.9,1
150190180,1987,4,1,196,16,3.6,2
150190180,1987,4,2,218,21,6.4,2
150190180,1987,4,3,257,32,7.3,2
150190180,1987,5,1,194,15,4.3,3
150190180,1987,5,2,207,18,7.4,3
150190180,1987,5,3,254,31,11.9,3
150190180,1987,6,1,196,16,7.1,4
150190180,1987,6,2,223,22,10.3,4
150190180,1987,6,3,256,31,11.7,4
150190180,1987,7,1,192,15,11.3,5
150190180,1987,7,2,212,19,13.5,5
150190180,1987,7,3,254,31,15.3,5
150190180,1987,8,1,205,17,13.5,6
150190180,1987,8,2,231,24,16.5,6
150190180,1987,8,3,272,36,18.7,6
150190180,1987,9,1,189,15,15.9,7
150190180,1987,9,2,206,18,18.4,7
150190180,1987,9,3,260,33,20.3,7
150190180,1987,10,1,196,16,15.9,8
150190180,1987,10,2,209,18,17.1,8
150190180,1987,10,3,246,28,18.5,8
150190180,1987,11,1,193,15,12.5,9
150190180,1987,11,2,201,17,16.3,9
150190180,1987,11,3,225,22,18.3,9
150190180,1987,12,1,195,15,9.3,10
150190180,1987,12,2,203,17,12.8,10
150190180,1987,12,3,246,28,14.5,10
150190180,1986,1,1,196,15,5.7,11
150190180,1986,1,2,202,16,9.2,11
150190180,1986,1,3,225,20,11.9,11
150190180,1986,2,1,197,15,5.5,12
150190180,1986,2,2,218,19,8.1,12
150190180,1986,2,3,245,25,10.7,12
150190180,1986,3,1,204,16,4.6,1
150190180,1986,3,2,224,20,5.7,1
150190180,1986,3,3,263,30,7.3,1
150190180,1986,4,1,201,16,2.8,2
150190180,1986,4,2,211,17,4.4,2
150190180,1986,4,3,231,21,6.3,2
150190180,1986,5,1,204,16,3.8,3
150190180,1986,5,2,219,19,7.3,3
150190180,1986,5,3,263,30,10.7,3
150190180,1986,6,1,205,16,7.7,4
150190180,1986,6,2,218,19,11.9,4
150190180,1986,6,3,245,25,15.5,4
150190180,1986,7,1,197,16,14.3,5
150190180,1986,7,2,206,18,16.6,5
150190180,1986,7,3,261,33,18.7,5
150190180,1986,8,1,197,16,12.9,6
150190180,1986,8,2,215,20,16.9,6
150190180,1986,8,3,272,36,20.3,6
150190180,1986,9,1,193,15,15.9,7
150190180,1986,9,2,202,17,17.6,7
150190180,1986,9,3,243,28,20.5,7
150190180,1986,10,1,192,15,15.1,8
150190180,1986,10,2,205,18,18.1,8
150190180,1986,10,3,269,35,20.1,8
150190180,1986,11,1,193,15,12.9,9
150190180,1986,11,2,204,17,15,9
150190180,1986,11,3,238,26,17.3,9
150190180,1986,12,1,188,15,10.9,10
150190180,1986,12,2,198,16,13.3,10
150190180,1986,12,3,220,21,15.1,10
150190180,1985,1,1,181,14,5.4,11
150190180,1985,1,2,189,15,9.8,11
150190180,1985,1,3,206,18,12.7,11
150190180,1985,2,1,184,14,5,12
150190180,1985,2,2,191,15,7.1,12
150190180,1985,2,3,219,21,9.3,12
150190180,1985,3,1,180,14,1,1
150190180,1985,3,2,188,15,3.9,1
150190180,1985,3,3,209,18,6.5,1
150190180,1985,4,1,192,15,3.2,2
150190180,1985,4,2,202,17,5.9,2
150190180,1985,4,3,263,34,7.3,2
150190180,1985,5,1,191,15,5.9,3
150190180,1985,5,2,209,18,8.1,3
150190180,1985,5,3,237,26,11.5,3
150190180,1985,6,1,194,15,9.9,4
150190180,1985,6,2,204,17,11.4,4
150190180,1985,6,3,240,27,14.5,4
150190180,1985,7,1,190,15,8.5,5
150190180,1985,7,2,211,19,15.3,5
150190180,1985,7,3,266,35,18.7,5
150190180,1985,8,1,195,15,14.1,6
150190180,1985,8,2,212,19,16.1,6
150190180,1985,8,3,262,33,18.9,6
150190180,1985,9,1,194,15,16.1,7
150190180,1985,9,2,209,18,17.9,7
150190180,1985,9,3,269,35,20.5,7
150190180,1985,10,1,202,17,13.7,8
150190180,1985,10,2,247,27,17.2,8
150190180,1985,10,3,342,59,19.7,8
150190180,1985,11,1,201,16,13.3,9
150190180,1985,11,2,210,17,15.4,9
150190180,1985,11,3,248,26,17.7,9
150190180,1985,12,1,198,15,10.5,10
150190180,1985,12,2,204,16,13.1,10
150190180,1985,12,3,226,20,16.1,10
150190180,1984,1,1,194,15,3.2,11
150190180,1984,1,2,202,17,7.4,11
150190180,1984,1,3,221,21,11.6,11
150190180,1984,2,1,188,15,3,12
150190180,1984,2,2,198,16,6.9,12
150190180,1984,2,3,213,19,10.2,12
150190180,1984,3,1,190,15,5,1
150190180,1984,3,2,199,16,7.1,1
150190180,1984,3,3,217,20,8.4,1
150190180,1984,4,1,193,15,2.6,2
150190180,1984,4,2,202,16,5.6,2
150190180,1984,4,3,228,21,7.7,2
150190180,1984,5,1,184,14,4.2,3
150190180,1984,5,2,194,15,7.7,3
150190180,1984,5,3,217,18,14.3,3
150190180,1984,6,1,184,14,7.1,4
150190180,1984,6,2,193,15,12.3,4
150190180,1984,6,3,211,17,18.1,4
150190180,1984,7,1,183,14,12.1,5
150190180,1984,7,2,199,16,14.9,5
150190180,1984,7,3,236,23,17.3,5
150190180,1984,8,1,188,14,14.7,6
150190180,1984,8,2,196,15,16.6,6
150190180,1984,8,3,236,23,18.7,6
150190180,1984,9,1,185,14,14.7,7
150190180,1984,9,2,195,15,16.7,7
150190180,1984,9,3,228,21,20.5,7
150190180,1984,10,1,181,14,15.3,8
150190180,1984,10,2,190,15,17.8,8
150190180,1984,10,3,254,27,19.9,8
150190180,1984,11,1,180,14,13.9,9
150190180,1984,11,2,192,15,16.1,9
150190180,1984,11,3,253,31,18.3,9
150190180,1984,12,1,180,14,11.9,10
150190180,1984,12,2,188,15,14.1,10
150190180,1984,12,3,204,17,16.9,10
150190180,1983,1,1,197,14,99.9,11
150190180,1983,1,2,205,15,99.9,11
150190180,1983,1,3,244,22,99.9,11
150190180,1983,2,1,198,15,99.9,12
150190180,1983,2,2,211,17,99.9,12
150190180,1983,2,3,235,22,99.9,12
150190180,1983,3,1,211,17,99.9,1
150190180,1983,3,2,226,21,99.9,1
150190180,1983,3,3,260,33,99.9,1
150190180,1983,4,1,208,18,99.9,2
150190180,1983,4,2,217,20,99.9,2
150190180,1983,4,3,248,29,99.9,2
150190180,1983,5,1,224,22,99.9,3
150190180,1983,5,2,254,31,99.9,3
150190180,1983,5,3,295,44,99.9,3
150190180,1983,6,1,213,19,99.9,4
150190180,1983,6,2,232,24,99.9,4
150190180,1983,6,3,259,32,99.9,4
150190180,1983,7,1,210,19,99.9,5
150190180,1983,7,2,228,23,99.9,5
150190180,1983,7,3,303,46,99.9,5
150190180,1983,8,1,204,17,99.9,6
150190180,1983,8,2,215,20,99.9,6
150190180,1983,8,3,269,35,99.9,6
150190180,1983,9,1,198,16,99.9,7
150190180,1983,9,2,207,18,99.9,7
150190180,1983,9,3,255,31,99.9,7
150190180,1983,10,1,197,16,99.9,8
150190180,1983,10,2,206,18,99.9,8
150190180,1983,10,3,248,29,99.9,8
150190180,1983,11,1,196,16,99.9,9
150190180,1983,11,2,202,17,99.9,9
150190180,1983,11,3,238,26,99.9,9
150190180,1983,12,1,198,16,99.9,10
150190180,1983,12,2,206,18,99.9,10
150190180,1983,12,3,234,25,99.9,10
150190180,1982,1,1,233,25,99.9,11
150190180,1982,1,2,258,32,99.9,11
150190180,1982,1,3,278,38,99.9,11
150190180,1982,2,1,231,24,99.9,12
150190180,1982,2,2,245,28,99.9,12
150190180,1982,2,3,273,37,99.9,12
150190180,1982,3,1,232,24,99.9,1
150190180,1982,3,2,266,35,99.9,1
150190180,1982,3,3,368,67,99.9,1
150190180,1982,4,1,230,24,99.9,2
150190180,1982,4,2,245,28,99.9,2
150190180,1982,4,3,281,39,99.9,2
150190180,1982,5,1,227,23,99.9,3
150190180,1982,5,2,238,26,99.9,3
150190180,1982,5,3,273,37,99.9,3
150190180,1982,6,1,222,21,99.9,4
150190180,1982,6,2,232,24,99.9,4
150190180,1982,6,3,250,30,99.9,4
150190180,1982,7,1,212,19,99.9,5
150190180,1982,7,2,224,22,99.9,5
150190180,1982,7,3,263,34,99.9,5
150190180,1982,8,1,205,17,99.9,6
150190180,1982,8,2,222,20,99.9,6
150190180,1982,8,3,276,33,99.9,6
150190180,1982,9,1,204,16,99.9,7
150190180,1982,9,2,218,18,99.9,7
150190180,1982,9,3,263,30,99.9,7
150190180,1982,10,1,204,16,99.9,8
150190180,1982,10,2,212,17,99.9,8
150190180,1982,10,3,279,34,99.9,8
150190180,1982,11,1,202,14,99.9,9
150190180,1982,11,2,208,15,99.9,9
150190180,1982,11,3,250,24,99.9,9
150190180,1982,12,1,200,14,99.9,10
150190180,1982,12,2,207,15,99.9,10
150190180,1982,12,3,235,20,99.9,10
150190180,1981,1,1,219,19,99.9,11
150190180,1981,1,2,230,21,99.9,11
150190180,1981,1,3,258,28,99.9,11
150190180,1981,2,1,214,18,99.9,12
150190180,1981,2,2,240,24,99.9,12
150190180,1981,2,3,272,32,99.9,12
150190180,1981,3,1,219,21,99.9,1
150190180,1981,3,2,235,25,99.9,1
150190180,1981,3,3,280,34,99.9,1
150190180,1981,4,1,224,22,99.9,2
150190180,1981,4,2,244,28,99.9,2
150190180,1981,4,3,278,38,99.9,2
150190180,1981,5,1,224,22,99.9,3
150190180,1981,5,2,250,30,99.9,3
150190180,1981,5,3,304,46,99.9,3
150190180,1981,6,1,220,21,99.9,4
150190180,1981,6,2,229,24,99.9,4
150190180,1981,6,3,254,31,99.9,4
150190180,1981,7,1,218,20,99.9,5
150190180,1981,7,2,230,24,99.9,5
150190180,1981,7,3,265,34,99.9,5
150190180,1981,8,1,215,20,99.9,6
150190180,1981,8,2,234,25,99.9,6
150190180,1981,8,3,327,54,99.9,6
150190180,1981,9,1,216,20,99.9,7
150190180,1981,9,2,232,24,99.9,7
150190180,1981,9,3,314,50,99.9,7
150190180,1981,10,1,218,20,99.9,8
150190180,1981,10,2,228,23,99.9,8
150190180,1981,10,3,288,41,99.9,8
150190180,1981,11,1,215,20,99.9,9
150190180,1981,11,2,230,24,99.9,9
150190180,1981,11,3,308,48,99.9,9
150190180,1981,12,1,216,20,99.9,10
150190180,1981,12,2,237,26,99.9,10
150190180,1981,12,3,273,37,99.9,10